{
    "type": "minecraft:crafting_shaped",
    "pattern": [
        " # ",
        "#Q#",
        "CcC"
    ],
    "key": {
        "#": {
            "item": "minecraft:redstone_torch"
        },
        "Q": {
            "item": "minecraft:quartz"
        },
        "C": {
            "item": "minecraft:cobblestone"
        },
        "c": {
            "item": "minecraft:copper_ingot"
        }
    },
    "result": {
        "item": "minecraft:comparator",
        "count": 1
    }
}