{
    "type": "minecraft:crafting_shaped",
    "pattern": [
        "###",
        "RcQ",
        "###"
    ],
    "key": {
        "#": {
            "item": "minecraft:cobblestone"
        },
        "R": {
            "item": "minecraft:redstone"
        },
        "c": {
            "item": "minecraft:copper_ingot"
        },
        "Q": {
            "item": "minecraft:quartz"
        }
    },
    "result": {
        "item": "minecraft:observer",
        "count": 1
    }
}