{
    "type": "minecraft:crafting_shaped",
    "pattern": [
        "cgc",
        "c/c",
        "cRc"
    ],
    "key": {
        "c": {
            "item": "minecraft:copper_ingot"
        },
        "g": {
            "item": "minecraft:gold_ingot"
        },
        "/": {
            "item": "minecraft:stick"
        },
        "R": {
            "item": "minecraft:redstone"
        }
    },
    "result": {
        "item": "minecraft:powered_rail",
        "count": 6
    }
}