{
    "type": "minecraft:crafting_shaped",
    "pattern": [
        "#R#",
        "CcC"
    ],
    "key": {
        "#": {
            "item": "minecraft:redstone_torch"
        },
        "R": {
            "item": "minecraft:redstone"
        },
        "C": {
            "item": "minecraft:cobblestone"
        },
        "c": {
            "item": "minecraft:copper_ingot"
        }
    },
    "result": {
        "item": "minecraft:repeater",
        "count": 1
    }
}