{
  "type": "minecraft:entity",
  "pools": [
    {
      "rolls": 1,
      "entries": [
        {
          "type": "minecraft:item",
          "name": "minecraft:iron_nugget",
          "weight": 1,
          "functions": [
            {
              "function": "set_count",
              "count": {
                "min": 27,
                "max": 54
              }
            }
          ]
        }
      ]
    },
    {
      "rolls": 1,
      "entries": [
        {
          "type": "minecraft:item",
          "name": "minecraft:poppy",
          "weight": 1,
          "functions": [
            {
              "function": "set_count",
              "count": {
                "min": 0,
                "max": 2
              }
            }
          ]
        }
      ]
    }
  ]
}